"8 and more symbols","8 и более символов"
"About Us","О нас"
"About seller:","О продавце:"
"Accessories","Аксессуары"
"Add all products to cart","Добавить все товары в корзину"
"Add review","Добавить отзыв"
"Add your favorite products to the basket!","Добавляйте понравившиеся товары в корзину!"
"All products are in stock","В наличии все товары"
"All rights reserved.","Все права защищены."
"All seller items","Все товары продавца"
"An error occured while loading the component.","Произошла ошибка при загрузке компонента."
"Black","Черный"
"Blue","Синий"
"Brown","Коричневый"
"Buy in credit","Купить в кредит"
"Buy","Купить"
"Cash on delivery","Оплата при получении"
"Catalog of products","Каталог товаров"
"Catalog","Каталог"
"Checkout","Оформление заказа"
"Choose your city","Выберите ваш город"
"Choose your country","Выберите вашу страну"
"Clear wishlist","Очистить список желаний"
"Columns","Колонки"
"Company","Компания"
"Compare products","Сравнение товаров"
"Component couldn't be loaded due to lack of network connectivity.","Не удалось загрузить компонент из-за отсутствия сетевого подключения."
"Computers and laptops","Компьютеры и ноутбуки"
"Configure","Настройка"
"Confirmation of an order","Подтверждение заказа"
"Consultation by telephone","Консультация по телефону"
"Contact details","Контактные данные"
"Contact","Связаться"
"Continue shopping","Продолжить покупки"
"Courier delivery","Доставка Курьером"
"Covers, protective glass, memory cards","Чехлы, защитное стекло, карты памяти"
"Cyan","Голубой"
"Description of the action","Описание акции"
"Discount on accessories","Скидка на аксессуары"
"Enter promotional code","Применить промокод"
"First","Сначала"
"Free from landlines and","Бесплатно со стационарных и"
"Free of charge from landlines and mobile phones in Ukraine","Бесплатно со стационарных и мобильных телефонов в Украине"
"Gadgets","Гаджеты"
"Golden","Золотой"
"Grand Total","Сумма"
"Green","Зеленый"
"Grey","Серый"
"Headphones and headsets, cases, chargers","Наушники и гарнитуры, чехлы, зарядные устройства"
"Homepage","Главная"
"How do you want to receive your order?","Как хотите получить ваш заказ?"
"I want to receive a newsletter, and agree to its terms",Я хочу подписаться на новостную рассылку и соглашаюсь с условиями ее получения
"In credit","В кредит"
"In stock","В наличии"
"In the near future we will call you back to clarify the details. Have a nice day!)","В ближайшее время мы вам перезвоним для уточнения деталей. Прекрасного дня!)"
"Instant Checkout","Моментальный заказ"
"Last name must have at least 2 letters.","Фамилия должна состоять минимум из 2-х букв"
"Latest","Недавние"
"Latin letters and numbers","Латинские буквы и цифры"
"May suit you","Вам может подойти"
"Mon-Fri: 08: 00-20: 00; Sat: 10: 00-18: 00; Sun: 11: 00-17: 00","Пн-ПТ: 08:00-20:00; Сб: 10:00-18:00; Вс:11:00-17:00"
"Multi","Многоцветный"
"My Order","Мой заказ"
"Name must have at least 2 letters.","Имя должно состоять минимум из 2-х букв"
"No reviews have been posted yet. Please don't hesitate to share Your opinion and write the first review!","Пока нет ни одного отзыва. Пожалуйста, не стесняйтесь поделиться своим мнением и написать первый отзыв!"
"Not available","Нет в наличии"
"Nothing to show","магазинов не найдено"
"Novaya Pochta(Branch)","Новая Почта(Отделение)"
"Olive","Оливковый"
"Orange","Оранжевый"
"Our shares","Наши акции"
"Own account","Собсветнный счет"
"PC, notebooks, tablets","ПК, ноутбуки та планшеты"
"PCs, computers, accessories, monitors","ПК, компьютеры, аксессуары, мониторы"
"PROMOCODE","ПРОМОКОД"
"Password must have at least 8 letters.","Длина пароля должна быть минимум 8 символов."
"Payment and delivery","Оплата и доставка"
"Payments and loans","Выплаты и кредиты"
"Pick up here","Забрать здесь"
"Pick up tomorrow from 15:00","Забрать завтра с 15:00"
"Pickup from the store","Самовывоз из магазина"
"Pink","Розовый"
"Please provide valid phone number","Пожалуйста введите валидный номер телефона"
"Please, enter all fields to create an account","Пожалуйста, заполните поля для создания учетной записи"
"Popular categories","Популярные категории"
"Price: High to low","Цена: от высокой к низкой"
"Price: Low to high","Цена: от низкой к высокой"
"Proceed to checkout","Перейти до оформлення замовлення"
"Product that you are trying to add is not available.","Продукт, который вы пытаетесь добавить, недоступен."
"Products","Продукты"
"Promotions","Акции"
"Public offer","Публичная оферта"
"Purple","Фиолетовый"
"Red","Красный"
"Registering, you are accepting","Регистрируясь, вы принимаете условия"
"Registrate","Зарегистрироватся"
"Remove all","Удалить всё"
"Review","Отзыв"
"Reviews","Отзывы"
"Sales leaders","Лидеры продаж"
"See all","Смотреть все"
"Seller contacts:","Контакты продавца:"
"Seller of goods","Продавец товара"
"Seller:","Продавец:"
"Service centres","Сервисные центры"
"Shipping & Handling (Flat Rate - Fixed)","Доставка и обработка (фиксированная ставка - фиксированная)"
"Silver","Серебряный"
"Smart watches, Cameras, Fitness bracelets","Умные часы, Камеры, Фитнес-браслеты"
"Smart watches, fitness bracelets, Wi-Fi routers","Смарт-часы, фитнес-браслеты, Wi-Fi роутеры"
"Smartphones","Смартфоны"
"Snow","Снег"
"Subtotal","Промежуточный итог"
"Summary","Резюме"
"TV and audio","ТВ и аудио"
"Tax","Налог"
"Thank!","Спасибо!"
"The shops","Магазины"
"To apply","Применить"
"To customers","Клиентам"
"To landlords","Арендодателям"
"To pay","Оплатить"
"Total","Всего"
"Try again","Попробуйте снова"
"Unexpected authorization error. Check your Network conection.","Неожиданная ошибка при авторизации. Проверьте ваше интернет соединение."
"Until the end of the promotion","До конца акции"
"Use promotional code","Использование промокода"
"Vacancies","Вакансии"
"Warranty, Exchange, Return","Гарантия, обмен, возврат"
"We accept","Мы принимаем"
"We found other products you might like","Мы нашли другие продукты, которые вам могут понравиться"
"Weekend","Выходные",
"White","Белый"
"Working schedule:","График работы:"
"Yellow","Желтый"
"You submitted your review for moderation.":"Вы отправили свой отзыв на модерацию."
"Your cart","Ваша корзина"
"Your order","Ваш заказ"
"about the company metadesc","С 2007 года сеть магазинов ringoo предоставляет широкий выбор интересных технологических смартфонов, аксессуаров, современных гаджетов и полезных сервисов. Сеть магазинов ringoo является официальным партнером Apple, Samsung, Huawei, TP-Link Neffos, Motorola и других брендов. ☎️ (097) 090-87-07, (073) 090-87-07 - ringoo"
"about the company text","С 2007 года сеть магазинов ringoo помогает клиентам, предоставляя широкий выбор интересных технических новинок и аксессуаров, современных гаджетов и полезных сервисов. Вместе с совершенствованием технологий развивалась и наша компания, ежедневно внедряя новые тенденции. Сеть магазинов ringoo входит в группу компаний Fozzy Group - одного из лидеров розничной торговли в Украине. Наши достижения 96 торговых точек 19 областей 63 населенных пункта. Знаете ли вы, что Слово Ринго в переводе с японского означает яблоко. Поэтому наш логотип должен символические закругленные элементы, напоминающие форму яблока. Вот откуда появилась наша традиция приветствовать и угощать гостей на открытии новых магазинов ringoo именно яблоками. Наши преимущества Команда. В каждой торговой точке и в интернет-магазине работают опытные специалисты, которые охотно: проконсультируют по техническим характеристикам помогут выбрать необходимые товары и аксессуары настроят смартфон и установят приложения посоветуют лучший тарифный план украинских операторов связи. Честность. На наших полках - только сертифицированные товары. Наши цены и предложения не содержат скрытых условий. Ассортимент. В наших торговых точках и интернет-магазине вы найдете самые современные смартфоны, новейшие гаджеты, аксессуары для защиты, украшения и расширение возможностей. Выгода. Только в нашей сети покупатели получают баллы за все покупки по программе Личный счет - крупнейшей и самой успешной программы лояльности в Украине. Получайте больше выгоды, покупая у нас! Собственный бренд На полках наших магазинов вы найдете аксессуары, выпущенные под надежным брендом ringoo, которые имеют сертификаты качества и одобрены производителями мобильных устройств: дата-кабели, зарядные устройства, стереогарнитуры и павербанкы. Официальные партнеры Сеть магазинов ringoo является официальным партнером Apple, Samsung, Huawei, Prestigio и других брендов. Контактную информацию для консультаций, вопросов и предложений смотрите в разделе Контакты."
"already going )","уже собирается )"
"camerares_filter","Разрешение камеры","Разрешение фронтальной камеры"
"contacts metadesc"," Сеть магазинов мобильной связи ringoo - более 100 магазинов по всей Украине. ☎️ (097) 090-87-07, (073) 090-87-07. Время работы: Пн-Пт, с 9:00 до 19:00."
"contacts text","Интернет-магазин ringoo.уа Сеть магазинов мобильной связи - более 100 магазинов по всей Украине. Найдите ближайший магазин ringoo на карте ... Смотрите актуальные акции со скидками и подарками здесь ... Если у вас возникли вопросы или предложения Звоните (097) 090-87-07 (073) 090-87-07. Время работы: Пн-Пт, с 9:00 до 18:00. Все заказы, сделанные в нерабочие часы, будут выполнены ближайшего рабочего дня. Пишите, используя форму обратной связи Текст сообщения info@ringoo.ua, и мы ответим как можно быстрее. Подробнее о компании ringoo читайте здесь ... Наш магазин г.. Киев, ул. Борщаговская, 154 А Другие магазины здесь ... Ищете работу в Ринго Смотрите имеющихся вакансиях ..."
"cores_filter","Количество ядер"
"currier":"Доставка курьером"
"d":"дн."
"delivery metadesc"," Выбирайте удобный способ доставки смартфонов, телефонов, гаджетов и аксессуаров из интернет-магазина ringoo: курьер бесплатно в отделение перевозчика, самовывоз. По всей Украине."
"delivery text","Justin Компания Justin - новый оператор на рынке доставки, который предлагает новый удобный способ получения и отправки посылок. Почему Justin? Сеть. 500 отделений в популярных супермаркетах и ​​торговых центрах Украины. Удобные локации. Посылки можно получить или отправить по дороге за покупками, не тратя время на отдельный маршрут к почте. Скорость доставки. Доставка в течение 2-х дней - по Украине в течение 1-го дня - по Киеву. Удобный трекинг посылок онлайн или через контакт-центр. Удобный график работы. Большинство наших отделений работает по графику 08:00 до 20:00 без выходных. Официальный сайт Justin ВНИМАНИЕ! Бесплатная доставка на акционный товар не распространяется если иное не предусмотрено условиями предложения. Новая почта новая почта - широкая сеть отделений по Украине. Стоимость заказа Бесплатно - от 100 грн. Стоимость доставки 35 грн - стоимость заказа до 100 грн. (Если иное не предусмотрено условиями предложения.) Наложенный платеж (наложенный платеж) Бесплатно Время доставки Выбрать ближайшее отделение можно при оформлении заказа. Точное время доставки скажет наш специалист после подтверждения заказа. ВНИМАНИЕ! Бесплатная доставка на акционный товар не распространяется если иное не предусмотрено условиями предложения. Укрпочта Укрпочта - крупнейшая украинская сеть, более 12 000 отделений. Выбирайте удобное отделение рядом во время оформления заказа. Точное время доставки и ее стоимость скажет наш специалист после подтверждения заказа. ВНИМАНИЕ! Бесплатная доставка на акционный товар не распространяется если иное не предусмотрено условиями предложения."
"dyagonal_ekrana_filter","Диагональ экрана"
"emkost_akkumulyatora_mach_filter","Емкость аккумулятора"
"from 35 uah","от 35 грн"
"from 55 uah","от 55 грн"
"h":"ч."
"is free","бесплатно"
"landlords metadesc"," Если у вас есть помещения, отвечающие требованиям, указанным ниже, звоните или пишите. Со своей стороны мы гарантируем своевременную оплату и конфиденциальность. "
"landlords text","ringoo всегда стремится к развитию, поэтому мы постоянно ищем возможности для открытия новых магазинов. Если вы помещения, отвечающего требованиям, указанным ниже, звоните или листуйте: +38 (050) 340 72 93 o.tatsii@ringoo.уа Александр Таций. Со своей стороны мы гарантируем своевременную оплату и конфиденциальность. Расположение. Торговые центры. Супермаркеты. Рынки. Вокзалы. Транспортные развязки. Центральные улицы. Локация. Места с большой проходимостью. Прикассовые зоны в супермаркетах. Торговые площади на входах и выходах в рынок. Павильоны и фасады прилегающих к вокзалам зданий. Места скопления общественного транспорта. Первый этаж фасадных зданий центральных улиц города. Приоритеты. Большой поток людей перед входом в магазин. Размещение на красной линии застройки. Требования. Помещение с ремонтом или возможностью сделать ремонт за счет. погашения арендной платы. Помещение с большими витринами. Помещение с бесперебойной подачей электроэнергии 5-7 кВт / ч. Наличие в помещение интернета и связи."
"login","войти"
"m":"мин."
"manufacturer_filter":"Производитель"
"marks","оценки"
"material_korpusu_filter","Материал корпуса"
"mobile phones in Ukraine","мобильных телефонов в Украине"
"new_post":"Новая Почта"
"no cities","Не найдено"
"obem_operatyvnoj_pamyaty_filter","Обьем оперативной памяти"
"obem_vstroennoj_pamyaty_filter","Обьем встроенной памяти"
"operatsyonnaya_systema_filter","Операционная система"
"own account metadesc","Еще больше преимуществ от покупок в ringoo и Сильпо с карточкой Личный Счет! Участники программы Личный Счет имеют уникальную возможность получать баллы за покупки в интернет-магазине ringoo.ua и в сети магазинов ringoo. Хотите покупать онлайн на ringoo.ua? Купите любой товар от 1000 грн. в интер"
"own account text","Еще больше преимуществ от покупок в ringoo и Сильпо с карточкой Личный Счет! Участники программы Собственный Счет имеют исключительную возможность получать баллы за покупки в интернет-магазине ringoo.ua и в сети магазинов ringoo. Хотите покупать онлайн на ringoo.ua? Купите любой товар от 1000 грн. в интернет-магазине и получите баллы на свой счет! Баллы начисляются за каждую потраченную гривну: 1 грн = 1 балл - за покупку любого товара. *** В чеке, мобильном приложении и на персональной странице мы указываем общее количество накопленных баллов. Хотите покупать в сети магазинов ringoo? Как получить баллы за покупки? При покупке в магазине ringoo - предъявите на кассе Вашу карточку Собственного Счета или Виртуальную карточку. Как использовать накопленные баллы и что такое бонус? Бонус - это ваша персональная скидка на покупки в Сильпо, Le Silpo и Сильпо Voyage. Если вы накопили от 1000 баллов, 1 раз в 3 месяца мы посылаем бонус. Воспользоваться им можно в течение года. Бонусы можно использовать в Сети Сильпо для уменьшения стоимости товаров в течение 1 (одного) года с момента его начисления. Пополняйте счет мобильного, предъявляйте карточку и получайте 1 балл за каждые 4 гривны. В зависимости от выбора участника, Бонус может предоставляться в электронном или бумажном виде. Как получить бонус? ВСЕГДА сканируйте карточку или QR-код из приложения на кассе - собирайте баллы в ringoo, Сильпо, Le Silpo и у партнеров программы. Используйте персональные предложения и получайте еще больше баллов. Собирайте от 1000 баллов - получайте бонус каждые 3 месяца! Как стать участником программы Собственный Счет и получать больше преимуществ от покупок в ringoo? Скачивайте Мобильное приложение Сильпо из сервисов Google Play или App Store и проходите простую авторизацию; Ваша карта Собственного Счета уже в приложении! Заполняйте регистрационную анкету в электронном виде на Персональной странице. Заполняйте регистрационную бумажную анкету в магазинах сети Сильпо, кроме магазинов Сети, где анкеты и ящик Программы не размещены с. Лиманка, ул. Жемчужная, 5, м. Киев, Оболонский пр-т, 21б. и оставьте ее в ящике супермаркета. Более полная информация об условиях Правил участия в Программе «Личный Счет» можно узнать в уголке прав потребителей в магазинах сети Сильпо, в Мобильном приложении Сильпо, на сайте https://silpo.ua или по телефону Горячей линии Сильпо. Остались вопросы или нужна помощь? Звоните на горячую линию программы Собственный Счет: 0800301707 (звонки бесплатные со всех телефонов на территории Украины) или пишите на e-mail: program@silpo.com.уа Больше информации о программе Личный Счет по ссылке: silpo.ua/about / personal-account / rules Официальные правила Перейти на Вашу персональную страницу: my.silpo.ua"
"payment metadesc"," Выбирайте удобный способ оплаты заказа в интернет-магазине ringoo: карта Visa или MasterCard, наличными в точке выдачи перевозчика или в магазинах нашей сети, безналичным переводом на счет."
"payment text","Оплата наличными Оплатить товар наличными мы можете курьеру при получении заказа и после его проверки. Также наличными можно рассчитаться во время самовывоза заказ из магазинов нашей сети. Оплата картами Visa и Мастерцард Картой Visa или MasterCard любого украинского банка можно оплатить заказ прямо на сайте, оформив заказ через корзину. После нажатия на кнопку «Оформить заказ» откроется специальная банковская страница, где можно безопасно подтвердить оплату после авторизации. Во время получения заказа получателю необходимо показать паспорт сотруднику ringoo или курьеру службы доставки. Безналичная оплата с НДС Для получения счета юрлицу необходимо прислать на info@ringoo.ua документы: Свидетельство плательщика НДС (при наличии); Свидетельство плательщика единого налога (при наличии); Свидетельство регистрации предприятия / ФОТ; Телефон и имейл организации. В ответ мы пришлем счет-фактуру с реквизитами. Заказ будет отправлен после получения денег на счет."
"payments and loans metadesc"," Присмотрели технику, но не хотите платить всю сумму сразу? Нет вопросов! Пользуйтесь сейчас - платите потом. Выбирайте выгодные условия кредитования или в рассрочку у банков-партнеров, с которыми мы договорились о лучшие условия для наших клиентов."
"payments and loans text","Присмотрели технику, но не хотите платить всю сумму сразу? Нет вопросов! Пользуйтесь сейчас - платите потом. Выбирайте выгодные условия кредитования или рассрочки у банков-партнеров, с которыми мы договорились о лучшие условия для наших клиентов. Мгновенная рассрочка мгновенная рассрочка предоставляется владельцам: карт Универсальная карт, Универсальная Голд, элитных карт для VIP-клиентов (Platinum, Infinite, World Signia / Elite). Преимущества услуги Мгновенная рассрочка: Минимум времени - покупки оформляются за 30 секунд. Простота оформления - чек является договором и в нем указаны все необходимые реквизиты (не нужны: справка о доходах, ИНН и паспорт). Удобное погашение - платежи вносятся на карту без необходимости посещения банка. Выгодные условия - минимальная комисии 2,9%. В момент покупки осуществляется первый платеж. Ежемесячная комиссия Максимальная сумма покупки Минимальная сумма покупки Срок Согласно вашего лимита * от 2 до 25 платежей. * Узнать свой лимит возможно видправишы смс на номер 10060 с текстом chast, в ответ придет смс с суммой максимального лимита. Мгновенная рассрочка акционная мгновенная рассрочка акционная предоставляется владельцам: карт Универсальная, карт Универсальная Gold, элитных карт для VIP-клиентов (Platinum, Infinite, World Signia / Elite). Преимущества услуги Мгновенная рассрочка акционная: Минимум времени - покупки оформляются за 30 секунд. Простота оформления - чек является договором, и в нем указаны все необходимые реквизиты (не нужны: справка о доходах, ИНН и паспорт). Удобное погашение - платежи вносятся на карту без необходимости посещения банка. Выгодные условия - минимальная комисии 0,99%. В момент покупки осуществляется первый платеж. Ежемесячная комиссия Максимальная сумма покупки Минимальная сумма покупки Срок 0,99% Согласно вашего лимита * - от 13 до 18 платежей. * Узнать свой лимит возможно видправишы смс на номер 10060 с текстом chast, в ответ придет смс с суммой максимального лимита. Оплата частями оплата частями предоставляется владельцам: карт Универсальная карт, Универсальная Gold, элитных карт для VIP-клиентов (Platinum, Infinite, World Signia / Elite). Преимущества услуги Оплата частями: Минимум времени - покупки оформляются за 30 секунд. Простота оформления - чек является договором и в нем указаны все необходимые реквизиты (не нужны: справка о доходах, ИНН и паспорт). Удобное погашение - платежи вносятся на карту без необходимости посещения банка. Выгодные условия - минимальная комисии 0,0%. В момент покупки осуществляется первый платеж. Ежемесячная комисияМаксимальна сумма покупки Минимальная сумма покупки Срок 0,0% Согласно вашего лимита * - от 2 до 6 платежей. * Узнать свой лимит возможно отправив смс на номер 10060 с текстом chast, в ответ придет смс с суммой максимального лимита."
"pc.","шт."
"price by promotional code","цена по промокоду"
"product_for_price","товара на сумму"
"products_for_price","товаров на сумму"
"promotional offers metadesc",""
"promotional offers text","Акция СКИДКА 15% или 30% (во всех магазинах ringoo) Получи скидку 15% на второй товар в чеке или 30% на третий товар в чеке Предложение действует до 31.12.2020 г.. Во всех магазинах ringoo (кроме интернет-магазина ringoo.ua ) условия промо-акции: При покупке сразу двух аксессуаров * в одном чеке, Гость получает скидку 15% на самый дешевый аксессуар в этом чеке. При покупке сразу трех аксессуаров * в одном чеке, Гость получает скидку 30% на самый дешевый аксессуар в этом чеке. * Под аксессуаром понимается: чехол, защитное стекло, защитная пленка, зарядные устройства, автомобильные держатели. Товары, не участвующие в акции: Носители информации (карты памяти, USB накопители), Смарт часы, Фитнес браслеты, Гарнитура apple, Батарейки, Моноподы, Штативы, * Скидка действует только при покупке 2-х или 3-х аксессуаров в одном чеке. ** Скидка действует только на товар меньшей стоимости. *** Скидка не действует на акционный товар - кабели micro usb и lightning стоимостью 35 грн."
"public offer metadesc"," Данный документ является официальным предложением (публичным договором) в соответствии с ст.633 Гражданского Кодекса. Договор публичной оферты является публичным и, согласно ст 633, 641 Гражданского кодекса Украины, его условия одинаковы для всех потребителей, безоговорочное принятие условий которого (оплата любым способом в соответствии с ч.2 ст. 642 Гражданского кодекса Украины) считается акцептом настоящего Договора между Покупателем и Продавцом и удостоверяет факт его заключения."
"public offer text","Договор публичной оферты о продаже товаров и предоставлении услуг Данный документ является официальным предложением (публичным договором) в соответствии с ст.633 Гражданского Кодекса. Договор публичной оферты является публичным и, согласно ст 633, 641 Гражданского кодекса Украины, его условия одинаковы для всех потребителей, безоговорочное принятие условий которого (оплата любым способом в соответствии с ч.2 ст. 642 Гражданского кодекса Украины) считается акцептом настоящего Договора между Покупателем и Продавцом и удостоверяет факт его заключения. Определение терминов Договор публичной оферты (Предложения) - договор, публично заключенный между Продавцом и Покупателем об условиях продажи товаров и услуг. Покупатель - любое дееспособное физическое лицо, которому на момент заключения Договора исполнилось 18 лет, или юридическое лицо, или физическое лицо-предприниматель, на основании заключенного с Продавцом договора публичной оферты, приобретет товары и получает услуги и оплачивает их. Продавец - юридическое лицо или физическое лицо-предприниматель, размещает на Сайте информацию о товарах и / или услуги, которые реализуются ней. Продавцом может быть как Администрация, так и любая другая лицо, которому Администрация сайта предоставил разрешение на размещение сведений о товарах и / или услуги имеющиеся у такого лица. Наименование Продавца указывается в документах на товары, документах, свидетельствующих о передаче Товара Покупателю (акт приема-передачи), и любых других документах, которые могут подтверждать факт передачи Товара Покупателю. Администрация - администрация сайта интернет-магазина ringoo.ua. Общество с ограниченной ответственностью Гараж Мобайл Груп (код ЕГРПОУ: 35040775, расположенного по адресу: 0813, г.. Вишневое ул. Промышленная, 5). Пользователь - физическое лицо, резидент Украины, достигший 18-летнего возраста, обладает полной гражданской дееспособностью, что использует данный сайт и / или его отдельные инструменты и модули, и согласилась с условиями оферты. Сайт - web-сайт, принадлежащий Владельцу сайта, на котором содержится актуальный перечень товаров и услуг, по URL-адресу: ringoo.ua. Товар - товары и услуги, или иные материальные или нематериальные объекты, информация о которых размещена на веб-сайте. Документ на товары и услуги - расчетный документ (товарный или кассовый чек, квитанция и т.п.), который получает Покупатель по результатам оплаты товаров и услуг при получении их от продавца Заказ - обращение пользователя с помощью веб-сайта и / или звонка на горячую линию продавца , относительно осуществления реализации товаров и / или услуг, а также скупнисть товаров и / или услуг, указанных в заказе пользователя. Плательщик - лицо, осуществляющее оплату Заказ пользователя. Получатель - лицо, указанное Плательщиком в форме Заказ в качестве лица, уполномоченное Плательщиком получить приобретенные товары и / или услуги. Если иначе не указано в форме Заказ, Получателем является Плательщик. Предложение - сведения о товарах и / или услуги, размещены Продавцом на веб-сайте, включающие информацию о товарах и / или услуги, цену, способах оплаты и доставки, информацию о скидках и акционные предложения, а также другие условия приобретения товаров и / или услуг. Условия предложений, размещенных на веб-сайте устанавливаются Продавцом. Стороны - Продавец, Покупатель, Пользователь, Администрация, Плательщик. 1. Общие положения 1.1. Настоящее Соглашение регулирует порядок доступа пользователя к информации о товарах и / или услуги, размещена на веб-сайте, а также возможность продажи и передачи этих товаров и / или услуг Пользователю. 1.2. Настоящее Соглашение является публичной офертой. Используя материалы и инструменты Сайта Пользователь считается безусловно принимающим (акцептуя) данное Соглашение. Пользователь должен полностью ознакомиться с условиями настоящего Соглашения до момента регистрации на Сайте и / или проставления символа галочка. Регистрация пользователя на веб-сайте, и / или оформления Заказа свидетельствует о полном и безусловное принятие Пользовательского Соглашения (в соответствии с ст.614, ст.642 Гражданского Кодекса Украины). 1.3. Сайт является платформой для размещения предложений Продавцами. 1.4. Информация о товарах и / или услуги отражена на веб-сайте www. ringoo.ua является динамичной. Это означает, что информация может быть обновлена, изменена, дополнена, удалена Администрацией в любой момент времени без предварительного уведомления пользователя. Администрация Сайта вправе в любое время вносить изменения в условия настоящего Соглашения. Изменения вступают в силу с момента размещения новой версии Соглашения на веб-сайте и не требуют дополнительного уведомления пользователя. 1.5. Предложение на веб-сайте не является офертой. Пользователь после ознакомления с размещенной на веб-сайте Предложением вправе предложить оферту Продавцу путем заполнения формы Заказ и / или осуществить заказ через Кол Центр Веб-сайта. Заполнение формы Заказ считается офертой пользователя Продавцу на приобретение Пользователем товаров и / или услуг на условиях, указанных в соответствующей Предложения. 1.6. Оферта считается принятой Продавцом, если Продавец выполнил действия, свидетельствующие о принятии оферты пользователя, а именно: фактически отгрузил товар, приступил к выполнению услуг, в соответствии с условиями, предусмотренными офертой пользователя, предоставил счет на оплату заказанных товаров и / или услуг. 1.7. Продавец вправе предложить реализовать товары и / или услуги на других условиях после получения оферты пользователя. В таком случае такое предложение будет считаться встречной офертой и должна быть принята пользователем. Принятием встречной оферты считается фактическое получение Пользователем и / или Получателем товаров и / или услуг на условиях, предусмотренных встречной офертой. Продавец имеет право отозвать встречную оферту до момента получения товара и / или услуги Покупателем. 1.8. Согласованием всех существенных условий Сторонами является оплата и / или фактическое получение товара и / или услуги Покупателем, а также отгрузки товара и / или услуги Продавцом. 1.9. Стороны согласились, что направление Продавцом и / или Администрацией Сайта любых уведомлений о наличии товаров и / или услуг, принятии Заказ, сроках доставки товара, его стоимости, условиях и формах оплаты, статусе и / или изменениях статуса Заказ и т. д., с помощью электронной почты, смс-сообщений проводных средств связи и др., считается сообщению Покупателя о получении Продавцом оферты и не могут свидетельствовать о ее акцепте со стороны продавца. 1.10. В случае принятия (акцепта) оферты продавца Покупатель дает согласие на получение информации о товаре и / или услуги путем дистанционной связи. Подписание документов, подтверждающих принятие товара и / или фактическое принятие товара означает, что Покупатель получил все необходимые сведения (информацию) о товаре до момента его принятия. 1.11. Доставка товара осуществляется: компанией перевозчиком ООО Новая Почта, ЕГРПОУ 31316718; компанией перевозчиком ПАО Укрпочта, ЕГРПОУ 21560045; компанией перевозчиком ООО удобная доставка, ЕГРПОУ 38968192; Общество с ограниченной ответственностью Торговый Дом Мост Экспресс, ОКПО 36152228. путем же вывоза из отделения компании ООО Новая Почта, ПАО Укрпочта. путем адресной доставки по городу Киев, или самостоятельным вывозом товара Покупателем или Получателем с розничного магазина сети Ringoo. В случае отсутствия в населенном пункте отделения компании перевозчика или розничного магазина сети Ringoo, Покупатель имеет право выбрать для доставки ближайший населенный пункт, в котором представлено отделения компании перевозчика или розничный магазин сети Ringoo. Доставка приобретенного товара осуществляется за счет Покупателя / Плательщика. Продавец не осуществляет доставку на временно оккупированных территориях Украины (АР Крым, территории Луганской и Донецкой областей), а также в другие населенные пункты, в которых отсутствуют отделения компании перевозчика. 1.12. Моментом получения товара Получателем считается подписание документа, подтверждающего факт приема Покупателем / Получателем заказанного товара (товарно-транспортная накладная, акт приема-передачи, декларация на пересылку и т.д.) или фактическое получение товара и совершения действий, свидетельствующих о принятии товара . При получении товара Получатель обязан проверить товар на наличие повреждений, наличие комплекта необходимых сопроводительных документов на товар (расчетный документ, гарантийный талон, акт приема-передачи и др.) И в случае несоответствий и / или повреждений безотлагательно предъявить претензию службе доставки. Продавец не несет ответственности за действия компании перевозчика. 2. Информация о Товаре 2.1. Информация о Товаре содержится в самом товаре, его упаковке, товаросопроводительной документации. Информация о Товаре также может быть предоставлена дистанционно (путем размещения информации о Товар под веб-сайте и т.д.). Пользователь дает свое согласие на получение информации о товарах с помощью средств дистанционной связи. 2.2. При получении Товара, до момента подписания документов, подтверждающих получение Товара Получатель должен ознакомиться с информацией о товаре. В случае необходимости получения дополнительной информации о Товаре Покупатель / Получатель обязан обратиться к Продавцу с целью получения необходимой информации, до момента принятия Товара Покупателем / Получателем. 2.3. Принятие Товара, подписания документов о получении товара (товарно-транспортная накладная, акт приема-передачи и т.д.) свидетельствует о том, что Продавец предоставил Покупателю полную, необходимую, доступную и достоверную информацию о товаре, обеспечило возможность сознательного и компетентного выбора. Кроме того, информация о продукции, предоставленной Покупателю / Пользователю, не может быть расценена как реклама. 2.4. На товары и / или услуги указана в Предложения считается ориентировочной. На товары и / или услуги согласованные Сторонами может быть изменена Продавцом до момента выдачи Товара Покупателю / Получателю. 2.5. В случае изменения цены Товара и / или услуг, согласованных Сторонами в Предложения, Получатель вправе отказаться от получения и принятия Товара и / или услуг. При этом Получатель / Плательщик вправе потребовать возврата уплаченной за товар и / или услуги средств. Любые другие компенсации (в т.ч. возмещение убытков, неустойка и др ..) Продавцом или Администрацией не предоставляются. 2.6. Сайт является платформой для размещения предложений Продавцами. В связи с этим, Администрация не несет никакой ответственности перед пользователями (Покупателями, Получателями, Плательщиками) за выполнение Продавцом Заказов, и связанными с исполнением Заказов действиями. 2.7. Указанные в Предложения условия считаются предварительными условиями приобретения Товара и / или услуг. Условия Предложения могут быть изменены Продавцом, в том числе после принятия Заказа к исполнению. Конкретные условия продажи Товара и / или услуг могут быть изменены Продавцом до момента передачи Товара и / или услуги Покупателю / Получателю. 2.8. В случае с старения информации (в т.ч. предложений) на веб-сайте Администрация не обязуется изменять или обновлять такую информацию. Администрация ни при каких обстоятельствах не несет ответственности за любые убытки (включая, но не ограничиваясь ущербом от потери прибыли, данных или от прерывания деловой активности), возникшие вследствие использования, невозможности использования или результатов использования этого веб-сайта. 2.9. Ответственность продавца за изменение условий приобретения Товара по сравнению с указанными в Предложения ограничивается тем, что Пользователь (Плательщик, Получатель) вправе отказаться от приобретения Товара и потребовать возврата уплаченных за него денежных средств (в случае если такие средства были уплачены). 2.10. Пользователь несет ответственность за достоверность данных, указанных в форме Заказа. В случае если неточные (недостоверные) сведения, указанные в Заявке, привели к дополнительным расходам продавца, связанных с доставкой Товара по неверному адресу или выдачей Товара ненадлежащего получателя, все связанные с этим убытки возлагаются на пользователя. Продавец имеет право удержать сумму таких убытков или расходов из сумм, уплаченных Плательщиком в качестве оплаты Товара (провести зачет встречных требований). 3. Права и обязанности сторон 3.1. Пользователь обязуется внимательно ознакомиться с настоящим Соглашением. В случае, если Пользователь не согласен с ее условиями, Пользователь обязуется немедленно прекратить использование Сайта. 3.2. Пользователь соглашается не выполнять действия, которые могут быть расценены как нарушающие действующее законодательство Украины или нормы международного права, в том числе в сфере интеллектуальной собственности, авторских и смежных прав, а также любых действий, которые могут привести к нарушениям в нормальной работе сайта и его сервисов. 3.3. Использование материалов, размещенных на веб-сайте без письменного разрешения правообладателя не допускается. Для правомерного использования материалов Сайта необходимо заключение лицензионных соглашений с правообладателями .. 3.4. В случае цитирование материалов Сайта, включая авторские произведения, охраняемые ссылки на веб-сайт обязательна. 3.5. Комментарии и иные записи Пользователя на Сайте не должны противоречить требованиям законодательства Украины и общепринятым нормам морали и этики. 3.6. Пользователь предупрежден о том, что Администрация не несет ответственности за посещение и использование им внешних ресурсов, ссылки на которые могут содержаться на веб-сайте. 3.7. Пользователь понимает и соглашается, что любые материалы или сервисы Веб-сайта и / или их части могут сопровождаться рекламой. Пользователь соглашается, что Администрация не несет никакой ответственности и не несет каких-либо обязанностей связанных с такой рекламой. 3.8. Пользователь осознает, что Продавцы являются отдельными субъектами хозяйствования, не подконтрольные Администрации. Пользователь осознает, что Администрация не имеет никаких полномочий относительно влияния на выполнение Продавцами своих обязательств относительно принятия и / или выполнения Заказа, а также обстоятельств, возникающих после продажи Товара (гарантийные обязательства и др ..). 3.9. Администрация и / или Продавец не несут ответственности за ущерб, причиненный Покупателю вследствие ненадлежащего использования приобретенных им Товаров. 3.10. Администрация и / или Продавец рассматривают претензии покупателей в течение 30 (тридцати) рабочих дней с момента получения таких претензий. 3.11. В случае наступления обстоятельств непреодолимой силы, стороны освобождаются от выполнения условий настоящего Договора. Под обстоятельствами непреодолимой силы для целей настоящего Договора понимаются события, имеющие чрезвычайный, непредвиденный характер, исключающих или объективно препятствующих исполнению настоящего Договора, наступление которых Стороны не могли предвидеть и предотвратить разумными способами 3.12. В случаях, не предусмотренных настоящим Договором, Стороны несут ответственность установленную действующим законодательством Украины. 4. Конфиденциальность и защита информации 4.1. Пользователь / Покупатель дает свое согласие Администрации / Продавцу на сбор, обработку, накопление, хранение и использование своих персональных данных (фамилия, имя, отчество, адрес, номер мобильного телефона и другие персональные данные), а также передачи их третьим лицам исключительно с целью и в рамках обеспечения Продавцом выполнения обязанностей возложенных на него в соответствии с условиями данной оферты. 4.2. Администрация / Продавец имеет право отправлять информационные, в том числе рекламные сообщения на электронную почту и мобильный телефон Покупателя с его согласия. Покупатель вправе отказаться от получения рекламной и другой информации без объяснения причин отказа, направив письменное заявление об отказе от получения рекламной и другой информации Администрации / Продавцу по адресу, указано на веб-сайте. Сервисные сообщения, информирующие Покупателя о заказе и этапы его обработки, отправляются автоматически и не могут быть отклонены Покупателем. 4.3. Администрация / Продавец вправе использовать технологию Cookies. Cookies не содержат конфиденциальную информацию и не передаются третьим лицам. 4.4. Продавец вправе осуществлять записи телефонных разговоров с Покупателем, предварительно уведомив Покупателя о таком запись. При этом Продавец обязуется: предотвращать попытки несанкционированного доступа к информации, полученной в ходе телефонных переговоров, и / или передачу ее третьим лицам, не имеющим непосредственного отношения к исполнению Заказов, согласно Закону Украины от 02.10.1992 года № 2657-XII об информации. 4.5. Покупатель / Пользователь вправе требовать исправления данных о себе, удаления, если в них больше нет необходимости, ограничивать обработку информации, когда она отрицается, получать информацию об условиях предоставления доступа к персональным данным, включая информацию о третьих лицах, которым передаются его персональные данные на доступ к своим персональным данным, иные права и обязанности предусмотренные действующим законодательством Украины. 5. Другие условия 5.1. Сайт может временно частично или полностью недоступен в результате проведения технических, профилактических или иных работ или по любым другим причинам технического характера. 5.2. По всем вопросам, которые не предусмотрены условиями данной оферты, Стороны руководствуются действующим законодательством Украины. 5.3. В случае возврата Товара Покупателем по причинам, указанным в Законе Украины О защите прав потребителей, Покупатель обязуется оплатить компании перевозчика, который будет осуществлять доставку такого Товара от Покупателя к Продавцу. 5.4. В случае возврата средств уплаченных Покупателем или Плательщиком за приобретенные товары и / или услуги путем денежного перевода через соответствующие компании, предоставляющие услуги по переводу наличных средств, Покупатель или Плательщик обязуется оплатить стоимость услуг по переводу денежных средств. 6. Срок действия договора 6.1. Настоящий Договор вступает в силу с момента его акцепта Пользователем - согласно п.1.2. настоящего Договора и действует до момента исполнения Сторонами своих обязательств в полном объеме. 6.2. Стороны имеют право расторгнуть Договор по взаимному согласию, но до момента фактической доставки товара. Реквизиты Администрации ООО Гараж Мобайл Групп Адрес: 08132, Киевская обл. Киево - Святошинский р-н., Г. Вишневое, ул. Промышленная, 5 код ЕГРПОУ: 35040775"
"s":"сек."
"service centers metadesc"," Выберите бренд, чтобы узнать адреса сервисных центров и время работы."
"service centers text","Нажмите на бренд, чтобы узнать адреса сервисных центров и время работы."
"shop":"Самовывоз из магазина"
"shops metadesc",""
"sim_filter","Количество SIM-карт"
"slot_dlya_karty_pamyaty_filter","Слот для карты памяти"
"st.","ул."
"stores text","Выбирайте ближайший магазин связи ringoo из 118 торговых точек в 21 области и 70 городах Украины."
"street","Ул"
"the Payment","Оплата"
"the_product_for_price","товар на сумму"
"to account","на аккаунт"
"users accepting","пользовательского соглашения"
"using a promo code metadesc",""
"using a promo code text","Чтобы воспользоваться промокодом ringoo и получить дополнительную скидку на товары нашего интернет-магазина, достаточно сделать всего два шага: Добавить необходимые вам товары в корзину. В корзине в поле Код купона ввести свой промокод и нажмите кнопку Применить купон. После этого вы сразу увидите количество сэкономленных гривен. Если у вас есть несколько промокод для различных товаров - добавляйте каждый промокод отдельно друг за другом, и они все будут учтены. Промокод не распространяются: Акционные предложения; Настройках и консультации; Подарочные сертификаты; Сервисы и услуги; Скретч-карты; Стартовые пакеты; Товарная группа товаров Бандл."
"warranty, exchange, return metadesc"," Все товары в сети ringoo имеют соответствующие сертификаты и заключения для продажи на территории Украины."
"warranty, exchange, return text","Все товары в сети ringoo имеют соответствующие сертификаты и заключения для продажи на территории Украины. Обмен, возврат обмен и возврат товара, приобретенного в сети ringoo, происходит в соответствии с Законом Украины О защите прав потребителей. Вы можете в течение 14 дней вернуть товар, если: товар не использовался сохранен его товарный вид сохранены потребительские свойства, пломбы, ярлыки есть расчетный документ, выданный потребителю вместе с проданным товаром. Адреса сервисных центров Горячая линия 0800-30-84-80 Подробнее об условиях обмена и возврата товара Условия обмена / возврата товара надлежащего качества Статья 9. В соответствии с Законом Украины О защите прав потребителей: Потребитель вправе обменять непродовольственный товар надлежащего качества на аналогичный у продавца , у которого он был приобретен, если товар не удовлетворил его по форме, габаритам, фасону, цвету, размеру или по другим причинам не может быть им использован по назначению. Потребитель имеет право на обмен товара надлежащего качества в течение четырнадцати дней, не считая дня покупки. Обмен товара надлежащего качества производится, если он не использовался, если сохранены его товарный вид, потребительские свойства, пломбы, ярлыки, расчетный документ, выданный потребителю вместе с проданным товаром. Разъяснение: Товарный вид: Новый товар реализуется по заводским защитными пленками, это является одним из факторов определения товарного вида. Раскрыта зарядка, гарнитура, любые провода и батарея закрыты защитными пленками. Покупатель должен помнить, что повреждать эти элементы упаковки не рекомендуется! Так же, должны отсутствовать потертости и царапины на изделии. Не использовалось: Вся электроника поставляется с программным обеспечением по умолчанию. Проверить, использовалось устройство или нет - может авторизованный сервисный центр менеджер по приему товара. В случае выявления посторонних программ, изменения в настройках, следы использования (файлы, фотографии, заметки, видеозаписи) - магазин может воспользоваться правом отказать клиенту, как нарушение этого пункта. Пломбы, ярлыки и расчетные документы: Так же, этот пункт относится к товарному виду. Если при возвращении вы потеряли какой-то документ, информационные данные, или сорвали пломбу на товаре - ситуация будет аналогичной. Расчетные документы, оригинал чека и гарантийного талона, необходимо предоставлять для возврата средств. Аксессуары: Возврату подлежат нераспакованных аксессуары. Если есть следы открытия аксессуара и попытки повторного упаковывание (особенно это касается ПЭ упаковки или блистеров) - товар вернуть невозможно. Когда же можно их вернуть? Можно отказаться от покупки, проверив его перед продажей. Условия обмена / возврата товара ненадлежащего качества Статья 8. В соответствии с Законом Украины О защите прав потребителей: В случае выявления на протяжении установленного гарантийного срока недостатков потребитель, в порядке и в сроки, установленные законодательством, имеет право требовать: пропорционального уменьшения цены безвозмездного устранения недостатков товара в разумный срок возмещения расходов на устранение недостатков товара. Требования потребителя, предусмотренные настоящей статьей, не подлежат удовлетворению, если продавец, производитель (предприятие, которое удовлетворяет требования потребителя, установленные частью первой этой статьи) докажут, что недостатки товара возникли вследствие нарушения потребителем правил пользования товаром или его хранения. Потребитель имеет право, участвовать в проверке качества товара лично или через своего представителя. Полный и актуальный текст редакции Закона о защите прав потребителей. Гарантия Если товар не работает, обмен и возврат товара происходит после заключения авторизованного производителем сервисного центра о том, что условия эксплуатации не нарушены. Гарантийный срок указано в описании каждого товара на сайте. Гарантия предоставляется на срок от 14 дней до 36 месяцев, в зависимости от товара. Гарантия может быть предоставлена ​​производителем или продавцом. Подтверждением гарантийных обязательств служит гарантийный талон производителя или гарантийный талон продавца. Адреса сервисных центров Горячая линия 0800-30-84-80 Транспортировка габаритного товара (более 5 кг) в сервисный центр происходит за счет потребителя через службу доставки Новая почта."
"work in the company metadesc"," Смотрите вакансиях в сети мобильной связи ringoo, входящая в группу компаний Fozzy Group - одного из лидеров розничной торговли в Украине."
"work in the company text","Наша компания - это молодой, амбициозный и дружный коллектив, который ставит перед собой цели и достигает результатов в запланированные сроки. Наше руководство знает, что именно коллектив формирует стоимость компании на рынке, мы культивируем лояльное отношение к себе как к работодателю. Преимущества ringoo. Ценим каждого специалиста. Выполняем финансовые обязательства в срок. Поощряем в соответствии с прозрачной системы мотивации. Поддерживаем профессиональный развитие. Предлагаем систему лояльности для сотрудников. Гарантируем официальное трудоустройство. Подробнее о наших вакансии смотрите здесь."
"{count} items","Товары не найдены | {count} товар | {count} товара | {count} товаров"
About us,О нас
Accepts only alphabet characters.,Используйте только буквы алфавита
Add a discount code,Код купона
Add discount code,Применить
Add to cart,Добавить в корзину
Add to compare,Добавить для сравнения
Add to favorite,Добавить в избранное
Are you sure you would like to remove all the items from the shopping cart?,Вы уверены, что хотите удалить все товары из корзины?
Author,Автор
Authorization in progress ...,Выполняется авторизация ...
Back to login,Вернуться на страницу авторизации
Back,Назад
Billing address,Платежный адрес
Cancel,Отмена
Categories,Категории
Change my password,Изменить пароль
City *,Город *
City,Город
Close,Закрыть
Company name *,Название компании *
Contact us,Контакты
Continue to payment,Перейти к оплате
Continue to shipping,Оформить доставку
Copy address data from shipping,Скопировать адресные данные из доставки
Country *,Страна *
Country,Страна
Create a new account,Создать новую учетную запись
Current password *,Текущий пароль *
Customer service,Служба поддержки
Date and time,Дата и время
Delivery,Доставка
Departments,Отделения
Discount code,Купон на скидку
Discount,Скидка
Don't hesitate and,Не раздумывайте и
E-mail address *,Электронный адрес *
Edit newsletter preferences,Изменить новостные предпочтения
Edit payment,Изменить платеж
Edit personal details,Изменить личную информацию
Edit shipping,Изменить доставку
Edit your profile,Редактировать профиль
Edit your shipping details,Изменить данные доставки
Edit,Изменить
Electronics, Электроника
Email address *,Электронный адрес *
Email address,Электронный адрес
Enter your email to receive instructions on how to reset your password.,"Введите адрес электронной почты, чтобы получить инструкцию по смене пароля."
Erin recommends,Erin рекомендует
Error while sending reset password e-mail,Произошла ошибка при отправке сброса пароля на электронную почту
Everything new,Новинки
Field is required,Обязательное поле
Filter,Фильтр
Filters,Фильтры
First name *,Имя *
First name,Имя
Forgot the password?,Забыли пароль?
General agreement,Генеральное соглашение
Get inspired,Для вдохновения
Go review the order,Просмотреть заказ
Go to Facebook,Facebook
Go to Instagram,Instagram
Go to Pinterest,Pinterest
Go to Youtube,Youtube
Go to checkout,Оформить заказ
Help,Помощь
Home,Главная
House/Apartment number *,Номер дома/квартиры *
House/Apartment number,Номер дома/квартиры
I accept ,Я принимаю
I accept terms and conditions,Я принимаю условия пользовательского соглашения
I agree to,Я согласен с
I have a company and want to receive an invoice for every order,У меня есть компания и я хочу получать счет по каждому заказу
I want to create an account',Я хочу создать учетную запись'
I want to create an account,Я хочу создать учетную запись
I want to generate an invoice for the company,Я хочу создать счет для компании
If you need an assistance you can drop us a line on,"Если Вам нужна помощь, напишите нам"
Items ordered,Заказанные товары
Kidswear,Детская одежда
Last name *,Фамилия *
Last name,Фамилия
Legal notice,Официальное уведомление
Log in to your account,Войти в учетную запись
Log in,Войти
Login to your account,Войти в учетную запись
Logout,Выйти
Magazine,Журнал
Men's fashion,Мужская мода
My Account,Личный кабинет
My account,Личный кабинет
My loyalty card,Карта лояльности
My newsletter,Мои новости
My orders,Мои заказы
My product reviews,Просмотренные товары
My profile,Личный кабинет
My shipping details,Подробнее о доставке
Name must have at least 3 letters.,Имя должно содержать не менее 3 букв.
Need help?,Нужна помощь?
New Luma Yoga Collection,Новая коллекция Luma Yoga
New password *,Новый пароль *
Newsletter,Новости
No orders yet,Заказы отсутствуют
No products found!,Товары не найдены!
No results were found.,Результаты не найдены.
Online payment,Картой на сайте
Open menu,Открыть меню
Open microcart,Открыть корзину
Open my account,Открыть личный кабинет
Open search panel,Открыть панель поиска
Open wishlist,Открыть список пожеланий
Order #{id},Заказ #{id}
Order ID,ID заказа
Order Summary,Итог заказа
Order informations,Информация о заказе
Orders,Заказы
Password *,Пароль *
Passwords must be identical,Пароли должны совпадать
Passwords must be identical.,Пароли должны совпадать.
Payment method,Способ оплаты
Payment,Платеж
Personal Details,Личная информация
Phone Number,Номер телефона
Phone number may be needed by carrier,Номер телефона может понадобиться курьеру
Place the order,Оформить заказ
Please check if all data are correct,Пожалуйста проверьте корректность введенных данных
Please provide valid e-mail address.,Пожалуйста укажите корректный адрес электронной почты.
Price {variant},Цена {variant}
Price,Цена
Privacy policy,Политика конфиденциальности
Product Name,Название товара
Product details,Детали товара
Purchase,Заказ
Qty,Кол-во
Quantity,Количество
Register an account,Создать учетную запись
Register,Регистрация
Remake order,Повторить заказ
Remember me,Запомнить меня
Remove from compare,Удалить из страницы сравнения
Remove,Удалить
Repeat new password *,Повторите новый пароль *
Repeat password *,Повторите пароль *
Reset password,Переустановить пароль
Resetting the password ... ,Пароль переустанавливается ...
Return policy,Политика возврата
Return to shopping,Вернуться к покупкам
Returns,Возвраты
Review order,Просмотреть заказ
SKU,Идентификационный номер товара
SKU: {sku},Идентификационный номер товара: {sku}
Safety,Безопасность
Sale,Распродажа
Search,Поиск
See details,Посмотреть детали
See our bestsellers,Посмотрите наши бестселлеры
Select color ,Выберите цвет
Select size {variant},Выберите размер {variant}
Ship to my default address,Отправить на мой адрес по умолчанию
Shipping address,Адрес доставки
Shipping method,Способ доставки
Shipping,Доставка
Shopping cart,Корзина
Shopping summary,Резюме покупок
Show subcategories,Показать подкатегории
Sign up to our newsletter and receive a coupon for 10% off!,Подпишитесь к наши новости и получите купон на скидку 10%!
Similar products,Похожие товары
Size guide,Подобрать размер
State / Province,Область/район
Status,Статус
Store locator,Расположение магазинов
Street name *,Название улицы *
Street name,Название улицы
Subscribe to the newsletter and receive a coupon for 10% off,Подпишитесь на рассылку и получите купон на скидку 10%
Subscribe,Подписка
Subtotal,Промежуточный итог
Tax ID *,ИНН *
Tax ID must have at least 3 letters.,ИНН должен состоять минимум из 3 символов.
Tax identification number *,Идентификационный номер налогоплательщика *
Tax identification number must have at least 3 letters.,Идентификационный номер налогоплательщика должен состоять минимум из 3 символов.
Tax,Налог
Terms and conditions,Условия и положения
The new account will be created with the purchase. You will receive details on e-mail.,Новая учетная запись будет создана при заказе. Детали будут высланы на Ваш электронный адрес.
Toggle password visibility,Переключить видимость пароля
Track my order,Отследить заказ
Type,Тип
Unfortunately we can't find the page you are looking for.,"К сожалению, мы не смогли найти запрашиваемую Вами страницу."
Update my preferences,Обновить мои предпочтения
Update my profile,Обновить личный кабинет
Update my shipping details,Обновить детали доставки
Use my billing data,Использовать мои платежные данные
Use my company's address details,Использовать адресные данные моей компании
Use my company's address details,Использовать адресные данные моей компании
Value,Значение
View all,Посмотреть все
View order,Посмотреть заказ
We can't find the page,Мы не смогли найти страницу
We use cookies to give you the best shopping experience.,"Чтобы предоставить лучший сервис, мы используем cookies."
We will send you details regarding the order,Мы вышлем Вам детали заказа
We will send you the invoice to given e-mail address,Мы вышлем счет на указанный электронный адрес
We've sent password reset instructions to your email. Check your inbox and follow the link.,Инструкция по переустановке пароля была выслана на Ваш электронный адрес. Проверьте почту и перейдите по ссылке.
What is your name?,Как вас зовут?
Wishlist,Список пожеланий
Women fashion,Женская одежда
You are logged in as {firstname},Вы авторизованы как {firstname}
You are offline. Some features might not be available.,"Отсутствует соединение с интернетом, некоторые возможности будут ограничены"
You can also use,Также Вы можете воспользоваться
You have been successfully subscribed to our newsletter!,Вы успешно подписались на нашу рассылку!
You have no items to compare.,У Вас нет товаров для сравнения
You must accept the terms and conditions.,Вам необходимо принять условия пользовательского соглашения
You've entered an incorrect coupon code. Please try again.,Вы ввели неверный код купона. Пожалуйста попробуйте еще раз.
Your contacts,Ваши конакты
Your shopping cart is empty.,Корзина пуста
Your wishlist is empty.,Ваш список желаний пуст
Zip-code *,Почтовый индекс *
Zip-code must have at least 3 letters.,Почтовый индекс должен состоять минимум из 3 символов.
Zip-code,Почтовый индекс
a chat,чат
a contact page,страница контактов
according to your limit," Согласно вашего лимита "
addresses of service centers,"Адреса сервисных центров"
alexandr tatsiy,"Александр Таций"
all shopes ringoo,"во всех магазинах ringoo"
apple headset,"Гарнитура apple"
article 8 description,"Требования потребителя, предусмотренные настоящей статьей, не подлежат удовлетворению, если продавец, производитель (предприятие, которое удовлетворяет требования потребителя, установленные частью первой этой статьи) докажут, что недостатки товара возникли вследствие нарушения потребителем правил пользования товаром или его хранения. Потребитель имеет право, участвовать в проверке качества товара лично или через своего представителя. Полный и актуальный текст редакции Закона о защите прав потребителей"
article 8,"Статья 8. В соответствии с Законом Украины «О защите прав потребителей»: В случае выявления на протяжении установленного гарантийного срока недостатков потребитель, в порядке и в сроки, установленные законодательством, имеет право требовать"
article 9,"Статья 9. в соответствии с Законом Украины «о защите прав потребителей»: Потребитель вправе обменять непродовольственный товар надлежащего качества на аналогичный у продавца, у которого он был приобретен, если товар не удовлетворил его по форме, габаритам, фасону, цвету, размеру или по другим причинам не может быть им использован по назначению. Потребитель имеет право на обмен товара надлежащего качества в течение четырнадцати дней, не считая дня покупки. Обмен товара надлежащего качества производится:"
assortment,"Ассортимент."
batteries,"Батарейки"
benefits appreciate,"Ценим каждого специалиста"
benefits employment,"Гарантируем официальное трудоустройство."
benefits loyalty,"Предлагаем систему лояльности для сотрудников"
benefits pay,"Выполняем финансовые обязательства в срок"
benefits progress,"Поддерживаем профессиональное развитие"
benefits reward,"Поощряем в соответствии с прозрачной системой мотивации"
benefits ringoo,"Преимущества ringoo"
browse our catalog,Просмотреть каталог
bundle,"Товарная группа товаров Бандл."
call,"Звоните",
cart elite,"элитных карт для VIP-клиентов (Platinum, Infinite, World Signia / Elite)."
cart universal gold,"карт «Универсальная Gold»"
cart universal,"карт «Универсальная»"
central streets,"Центральные улицы"
color_filter,Цвет
company areas,"областей"
company assortment description,"В наших торговых точках и интернет-магазине вы найдете самые современные смартфоны, новейшие гаджеты, аксессуары для защиты, украшения и расширение возможностей."
company chain,"Сеть магазинов ringoo входит в группу компаний Fozzy Group — одного из лидеров розничной торговли в Украине."
company command advice,"посоветуют лучший тарифный план украинских операторов связи."
company command consult,"расскажут о технических характеристиках устройств"
company command help,"помогут выбрать необходимые товары и аксессуары"
company command set up,"настроят смартфон и установят приложения"
company contact,"Контактную информацию для консультаций, вопросов и предложений смотрите в разделе"
company description,"С 2007 года сеть магазинов ringoo помогает клиентам, предоставляя широкий выбор интересных технических новинок и аксессуаров, современных гаджетов и полезных сервисов. Вместе с совершенствованием технологий развивалась и наша компания, ежедневно внедряя новые тенденции."
company do you know description,"Слово «ринго» в переводе с японского означает «яблоко». Поэтому наш логотип имеет символические закругленные элементы, напоминающие форму яблока. Вот откуда появилась наша традиция приветствовать и угощать гостей на открытии новых магазинов ringoo именно яблоками."
company do you know,"Знаете ли вы, что"
company honesty description,"На наших полках — только сертифицированные товары. Наши цены и предложения не содержат скрытых условий."
company official partners description,"Сеть магазинов ringoo является официальным партнером Apple, Samsung, Huawei, Prestigio и других брендов."
company outlets,"торговых точек"
company own brand description,"На полках наших магазинов вы найдете аксессуары, выпущенные под надежным брендом ringoo, которые имеют сертификаты качества и одобрены производителями мобильных устройств: дата-кабели, зарядные устройства, стереогарнитуры и повербанки."
company profit descipriton,"Только в нашей сети покупатели получают баллы за все покупки по программе «Личный счет» — крупнейшей и самой успешной программе лояльности в Украине. Получайте больше выгоды, покупая у нас!"
company settlements," населенных пункта."
company team description,"В каждой торговой точке и в интернет-магазине работают опытные специалисты, которые охотно:"
consumer protection act,"Закон о защите прав потребителей"
contacts call,"Пн—Пт, з 9:00 до 18:00. Все заказы, сделанные в нерабочие часы, будут выполнены в ближайший рабочий день."
contacts job description,"Смотрите актуальные вакансии"
contacts job,"Ищите работу в ringoo?"
contacts more about ringoo,"Подробнее о компании ringoo читайте"
contacts online store description,"Сеть магазинов мобильной связи — более 100 магазинов по всей Украине. Найдите ближайший"
contacts online store promo,"Смотрите актуальные акции со скидками и подарками здесь"
contacts online store,"Интернет-магазин"
contacts questions,"Если у вас возникли вопросы и предложения"
contacts store map,"магазин ringoo на карте"
contacts write answer,"и мы ответим как можно быстрее."
contacts write,"Пишите, используя форму обратной связи, или на почту"
cost order,"Стоимость заказа"
delivery time,"Время доставки"
delivery warning,"ВНИМАНИЕ! Бесплатная доставка на акционный товар не распространяется если иное не предусмотрено условиями предложения."
elimination defects,"безвозмездного устранения недостатков товара в разумный срок"
exchange description,"Обмен и возврат товара, приобретенного в сети ringoo, происходит в соответствии с Законом Украины «О защите прав потребителей». Вы можете в течение 14 дней вернуть товар, если"
exchange info,"Горячая линия 0800- 30-84-80 Подробнее об условиях обмена и возврата товара"
exchange product condition doc,"является расчетный документ, выданный потребителю вместе с проданным товаром."
exchange product condition marketable,">сохранен его товарный вид"
exchange product condition properties,"сохранены потребительские свойства, пломбы, ярлыки"
exchange product condition use,"товар не использовался"
exchange product improper quality,"Условия обмена / возврата товара ненадлежащего качества"
exchange product proper quality,"Условия обмена / возврата товара надлежащего качества"
exchange,"Обмен, возврат"
explanation product proper quality,"Товарный вид: Новый товар реализуется по заводским защитными пленками, это является одним из факторов определения товарного вида. Раскрыта зарядка, гарнитура, любые провода и батарея закрыты защитными пленками. Покупатель должен помнить, что повреждать эти элементы упаковки не рекомендуется! Так же, должны отсутствовать потертости и царапины на изделии. НЕ использовался Вся электроника поставляется с программным обеспечением по умолчанию. Проверить, использовалось устройство или нет - может авторизованный сервисный центр менеджер по приему товара. В случае выявления посторонних программ, изменения в настройках, следы использования (файлы, фотографии, заметки, видеозаписи) - магазин может воспользоваться правом отказать клиенту, как нарушение этого пункта. Пломбы, ярлыки и расчетные документы: Так же, этот пункт относится к товарному виду. Если при возвращении вы потеряли какой-то документ, информационные данные, или сорвали пломбу на товаре - ситуация будет аналогичной. Расчетные документы, оригинал чека и гарантийного талона, необходимо предоставлять для возврата средств. Аксессуары Возврату подлежат нераспакованных аксессуары. Если есть следы открытия аксессуара и попытки повторного упаковывание (особенно это касается ПЭ упаковки или блистеров) - товар вернуть невозможно. Когда же можно их вернуть? Можно отказаться от покупки, проверив его перед продажей"
explanation,"Разъяснение"
fitness bracelets,"Фитнес браслеты"
free,"Бесплатно"
gift certificates,"Подарочные сертификаты"
go to personal page,"Перейти на Вашу персональную страницу:"
here,"здесь"
honesty,"Честность."
information carriers,"Носители информации (карты памяти, USB накопители)"
justin chain,"Сеть.​ 500 отделений в популярных супермаркетах и торговых центрах Украины."
justin company,"Компания Justin - новый оператор на рынке доставки, который предлагает новый удобный способ получения и отправки посылок."
justin delivery,"Скорость доставки.​ Доставка в течение 2-х дней - по Украине, в течение 1-й суток-по Киеву. Удобный трекинг посылок онлайн или через контакт-центр."
justin location,"Удобные локации.​ Посылки можно получить или отправить по дороге за покупками, не тратя время на отдельный маршрут к почте."
justin schedule,"Удобный график работы.​ Большинство наших отделений работает по графику 08:00 до 20:00 без выходных."
justin site,"Официальный сайт Justin"
justin,"Justin"
landlords description,"ringoo всегда стремится к развитию, поэтому мы постоянно ищем возможности для открытия новых
landlords guarantee,"Со своей стороны мы гарантируем своевременную оплату и конфиденциальность."
liqpaymagento_liqpay,Картой на сайте
loan advantage conditions,"Выгодные условия - минимальная комисии 2,9%."
loan advantage fisrt payment,"В момент покупки осуществляется первый платеж."
loan advantage repayment,"Удобное погашение - платежи вносятся на карту без необходимости посещения банка."
loan advantage simplicity,"Простота оформления - чек является договором и в нем указаны все необходимые реквизиты (не нужны: справка о доходах, ИНН и паспорт)."
loan advantage time,"Минимум времени - покупки оформляются за 30 секунд."
loan advantages,"Преимущества услуги «Мгновенная рассрочка»"
loan description,"Присмотрели технику, но не хотите платить всю сумму сразу? Нет вопросов! Пользуйтесь сейчас - платите потом. Выбирайте выгодные условия кредитования или рассрочки у банков-партнеров, с которыми мы договорились о лучшие условия для наших клиентов."
loan limit,"Узнать свой лимит возможно видправишы смс на номер 10060 с текстом chast, в ответ придет смс с суммой максимального лимита."
loan promotional advantage commission,"> Выгодные условия - минимальная комисии 0,99%."
loan promotional advantages,"Преимущества услуги «Мгновенная рассрочка акционная»"
loan promotional provide,"«Мгновенная рассрочка акционная» предоставляется владельцам"
loan promotional term description,"от 13 до 18 платежей."
loan promotional,"Мгновенная рассрочка акционная"
loan provide,"«Мгновенная рассрочка» предоставляется владельцам"
loan term description,"от 2 до 25 платежей."
loan,"Мгновенная рассрочка"
location accumulation,"Места скопления общественного транспорта"
location checkout areas,"Прикассовые зоны в супермаркетах"
location first floor,"Первый этаж фасадных зданий центральных улиц города."
location high traffic,"Места с большой проходимостью"
location pavilions,"Павильоны и фасады, прилегающие к вокзалам зданий"
location retail space,"Торговые площади на входах и выходах в рынок"
location,"Локация"
login to your account,войти под своей учетной записью
markets,"Рынки"
maximum purchase amount," Максимальная сумма покупки"
minimum purchase amount,"Минимальная сумма покупки"
monopods,"Моноподи"
monthly commission,"Ежемесячная комиссия"
nova poshta delivery time description,"Выбрать ближайшее отделение можно при оформлении заказа. Точное время доставки скажет наш специалист после подтверждения заказа."
nova poshta descrtiption,"«Новая почта» - широкая сеть отделений по Украине."
nova poshta free order,"Бесплатно - от 100 грн."
nova poshta postpay,"Наложенный платеж (наложенный платеж)"
nova poshta price order,"Стоимость доставки 35 грн - стоимость заказа до 100 грн. (если иное не предусмотрено условиями предложения.)"
nova poshta,"Новая почта"
official partners,"Официальные партнеры"
official rules,"Официальные правила"
or write to us through,"или написать нам через"
or,"или"
our achievements,"Наши достижения"
our advantages,"Наши преимущества"
our store description,"г. Киев, ул. Борщаговская, 154, а другие магазины"
our store,"Наш магазин:"
own account become member,"Как стать участником программы «Личный Счет» и получать больше преимуществ от покупок в ringoo?"
own account benefits,"Еще больше преимуществ от покупок в ringoo и «Сильпо» с карточкой «Личный Счет»!"
own account buy in stores,"Хотите покупать в сети магазинов ringoo?"
own account buy online,"Хотите покупать онлайн на ringoo.ua?"
own account cart in the application,"Ваша карта «Личного счета» уже в приложении!"
own account download app,"Скачивайте Мобильное приложение «Сильпо» из сервисов Google Play или App Store и проходите простую авторизацию."
own account fill offline,"Заполняйте регистрационную бумажную анкету в магазинах сети «Сильпо», кроме магазинов Сети, где анкеты и ящик Программы не размещены с. Лиманка, ул. Жемчужная, 5, г. Киев, Оболонский пр-т, 21б. и оставьте ее в ящике супермаркета"
own account fill online,"Заполняйте регистрационную анкету в электронном виде на Персональной странице."
own account get bonus description,"ВСЕГДА сканируйте карточку или QR-код из приложения на кассе — собирайте баллы в ringoo, «Сильпо», Le Silpo и у партнеров программы. Используйте персональные предложения и получайте еще больше баллов. Собирайте от 1000 баллов — получайте бонус каждые 3 месяца"
own account get bonus,"Как получить бонус?"
own account get points description,"Баллы начисляются за каждую потраченную гривну: 1 грн = 1 балл — за покупку любого товара. *** В чеке, мобильном приложении и на персональной странице мы указываем общее количество накопленных баллов."
own account get points,"Покупайте любой товар от 1000 грн. в интернет-магазине и получите баллы на свой «Личный Счет»!"
own account hot to get points description,"При покупке в магазине ringoo — предъявите на кассе Вашу карту «Личного Счета» или Виртуальную карту."
own account hotline,"или по телефону Горячей линии «Сильпо»."
own account how to get points,"Как получить баллы за покупки?"
own account members,"Участники программы «Личный Счет» имеют уникальную возможность получать баллы за покупки в интернет-магазине ringoo.ua и в сети магазинов ringoo."
own account more information,"Более полная информация об условиях Правил участия в Программе «Личный Счет» можно узнать в уголке прав потребителей в магазинах сети «Сильпо», в Мобильном приложении «Сильпо», на сайте"
own account questions,"Остались вопросы или нужна помощь? Звоните на горячую линию программы «Личный Счет»: 0 800 301 707 (звонки бесплатные со всех телефонов на территории Украины) или пишите на e-mail:"
own account rules,"Больше информации о программе «Личный Счет» по ссылке:"
own account use description,"Бонус — это ваша персональная скидка на покупки в «Сильпо», Le Silpo и «Сильпо» Voyage. Если вы накопили от 1000 баллов, 1 раз в 3 месяца мы посылаем бонус. Воспользоваться им можно в течение года. Бонусы можно использовать в сети «Сильпо» для уменьшения стоимости товаров в течение 1 (одного) года с момента его начисления. Пополняйте счет мобильного, предъявляйте карточку и получайте 1 балл за каждые 4 гривны. В зависимости от выбора участника Бонус может предоставляться в электронном или бумажном виде."
own account use,"Как использовать накопленные баллы и что такое бонус?"
own brand,"Собственный бренд"
paid,оплачено
payment cart description,"Картой Visa или MasterCard любого украинского банка можно оплатить заказ прямо на сайте, оформив заказ через корзину. После нажатия на кнопку «Оформить заказ» откроется специальная банковская страница, где можно безопасно подтвердить оплату после авторизации."
payment cart,"Оплата картами Visa и MasterCard"
payment cash description,"Оплатить товар наличными мы можете курьеру при получении заказа и после его проверки. Также наличными можно рассчитаться во время самовывоза заказ из магазинов нашей сети."
payment cash,"Оплата наличными"
payment cashless docs,"Для получения счета юрлицу необходимо прислать на info@ringoo.ua документы:"
payment cashless,"Безналичная оплата с НДС"
payment certificate of vat,"Свидетельство плательщика НДС (при наличии);"
payment certificate registration,"Свидетельство регистрации предприятия / ФОТ;"
payment certificate single tax,"Свидетельство плательщика единого налога (при наличии);"
payment in installments advantage commission,"Выгодные условия - минимальная комисии 0,0%."
payment in installments advantages,"Преимущества услуги «Оплата частями»"
payment in installments provide,"«Оплата частями» предоставляется владельцам"
payment in installments term description,"от 2 до 6 платежей."
payment in installments,"Оплата частями"
payment info organization,Телефон и имейл организации.
payment reply,"В ответ мы пришлем счет-фактуру с реквизитами. Заказ будет отправлен после получения денег на счет."
payment requirements,"Во время получения заказа получателю необходимо показать паспорт сотруднику ringoo или курьеру службы доставки."
placing,"Расположение"
price_filter,"Цена"
priorities hight traffic,"Большой поток людей перед входом в магазин"
priorities red line,"Размещение на «красной линии» застройки"
priorities,"Приоритеты"
profit,"Выгода."
promocode add to cart,"Добавить необходимые вам товары в корзину."
promocode apply,"В корзине в поле «Код купона» ввести свой промокод и нажмите кнопку «Применить купон». После этого вы сразу увидите количество сэкономленных гривен."
promocode several,"Если у вас есть несколько промокод для различных товаров - добавляйте каждый промокод отдельно друг за другом, и они все будут учтены. Промокод не распространяются:"
promocode use,"Чтобы воспользоваться промокодом ringoo и получить дополнительную скидку на товары нашего интернет-магазина, достаточно сделать всего два шага:"
promocode warning,"* Скидка действует только при покупке 2-х или 3-х аксессуаров в одном чеке. ** Скидка действует только на товар меньшей стоимости. *** Скидка не действует на акционный товар - кабели «micro usb» и «lightning» стоимостью 35 грн."
promotional offer condition description,"При покупке сразу двух аксессуаров * в одном чеке, Гость получает скидку 15% на самый дешевый аксессуар в этом чеке. При покупке сразу трех аксессуаров * в одном чеке, Гость получает скидку 30% на самый дешевый аксессуар в этом чеке. * Под аксессуаром понимается: чехол, защитное стекло, защитная пленка, зарядные устройства, автомобильные держатели."
promotional offer condition,"Условия промо-акции:"
promotional offer description,"Получи скидку 15% на второй товар в чеке или 30% на третий товар в чеке. Предложение действует до 31.12.2020 г.. во всех магазинах ringoo (кроме интернет-магазина ringoo.ua)"
promotional offer products,"Товары, не участвующих в акции:"
promotional offer title,"Акция СКИДКА 15% или 30%"
promotional offers,"Акционные предложения"
proportional price reduction,"пропорционального уменьшения цены"
refund costs,"возмещения расходов на устранение недостатков товара."
register an account,Создать учетную запись
requirements internet,"Наличие в помещении интернета и связи."
requirements large windows,"Помещение с большими витринами"
requirements repair,"Помещение с ремонтом или возможностью сделать ремонт в счет погашения арендной платы"
requirements uninterrupted power,"Помещение с бесперебойной подачей электроэнергии 5–7 кВт / ч"
requirements,"Требования",
return to log in,Вернуться для авторизации
scratch cards,"Скретч-карты"
search,Поиск
services,"Сервисы и услуги"
settings and advice,"Настройках и консультации"
shopping centers,"Торговые центры"
size_filter,Размер
smart watch,"Смарт годинники"
starter packs,"Стартовые пакеты"
stations,"Вокзалы"
supermarkets,"Супермаркеты"
team,"Команда."
term,"Срок"
to find product you were looking for.,"Найти товар, который вы просматривали"
to find something beautiful for You!,"Найти что-то красивое для Вас!"
to main,На главную
transport interchanges,"Транспортные развязки"
tripods,"Штативи"
ukr poshta department,"Выбирайте удобное отделение рядом во время оформления заказа. Точное время доставки и ее стоимость скажет наш специалист после подтверждения заказа."
ukr poshta description,"'Укрпочта' - крупнейшая украинская сеть, более 12 000 отделений."
ukr poshta,"Укрпочта"
vacancies description,"Наша компания — это молодой, амбициозный и дружный коллектив, который ставит перед собой цели и достигает результатов в запланированные сроки. Наше руководство знает, что именно коллектив формирует репутацию компании на рынке, мы культивируем лояльное отношение к себе как к работодателю."
vacancies more information,"Подробнее о наших вакансиях смотрите"
warranty clarification,"Все товары в сети ringoo имеют соответствующие сертификаты и заключения для продажи на территории Украины"
warranty description,"Если товар не работает, обмен и возврат товара происходит после заключения авторизованного производителем сервисного центра о том, что условия эксплуатации не нарушены. Гарантийный срок указано в описании каждого товара на сайте. Гарантия предоставляется на срок от 14 дней до 36 месяцев, в зависимости от товара. Гарантия может быть предоставлена производителем или продавцом. Подтверждением гарантийных обязательств служит гарантийный талон производителя или гарантийный талон продавца."
warranty transportation,"Транспортировка габаритного товара (более 5 кг) в сервисный центр происходит за счет потребителя через службу доставки «Новая почта»"
warranty,"Гарантия"
why justin,"Почему Justin?"
work time,"Время работы"
магазинов. Если у вас есть помещение, отвечающее требованиям, указанным ниже, звоните или пишите:"
